Workbook

Sheet Spatial
A1: WSUC_ID | B1: WSUC_Name | C1: Province_Name | D1: District_Name | E1: Municipality_Type | F1: Municipality_Name | G1: Wards_Covered
A2: 1 | B2: WSUC_A | C2: Bagmati | D2: Chitwan | E2: Municipality | F2: Ratnanagar | G2: 12
A3: 2 | B3: WSUC_B | C3: Gandaki | D3: Parbat | E3: Municipality | F3: Kusma | G3: 7
A4: 3 | B4: WSUC_C | C4: Bagmati | D4: Lalitpur | E4: Municipality | F4: Mahalaxmi | G4: 5
A5: 4 | B5: WSUC_D | C5: Gandaki | D5: Kaski | E5: Metropolitan | F5: Pokhara | G5: 18
A6: 5 | B6: WSUC_E | C6: Gandaki | D6: Tanahu | E6: Municipality | F6: Bhimad | G6: 9

Sheet Service Coverage
A1: WSUC_ID | B1: Prerequisite: Does Business Plan exist? | C1: Households_Served() | D1: Total_Households | E1: Coverage% | F1: Computed_Score | G1: Interpretation
A2: 1 | B2: Yes | C2: 4200 | D2: 4200 | E2: =IF(OR(C2=0,D2=0),"",C2/D2*100) -> 100 | F2: =IF(E2="","",IF(E2>=100,1,IF(E2<=60,0,(E2-60)/40))) -> 1 | G2: =IF($B2<>"Yes","NOT ELIGIBLE – No Business Plan exists",IF(F2=1,"Fully compliant – universal coverage",IF(F2=0,"Non-compliant – below minimum threshold","Partially compliant – improving toward full"))) -> Fully compliant – universal coverage
A3: 2 | B3: Yes | C3: 2640 | D3: 3000 | E3: =IF(OR(C3=0,D3=0),"",C3/D3*100) -> 88 | F3: =IF(E3="","",IF(E3>=100,1,IF(E3<=60,0,(E3-60)/40))) -> 0.7 | G3: =IF($B3<>"Yes","NOT ELIGIBLE – No Business Plan exists",IF(F3=1,"Fully compliant – universal coverage",IF(F3=0,"Non-compliant – below minimum threshold","Partially compliant – improving toward full"))) -> Partially compliant – improving toward full
A4: 3 | B4: Yes | C4: 1672 | D4: 2200 | E4: =IF(OR(C4=0,D4=0),"",C4/D4*100) -> 76 | F4: =IF(E4="","",IF(E4>=100,1,IF(E4<=60,0,(E4-60)/40))) -> 0.4 | G4: =IF($B4<>"Yes","NOT ELIGIBLE – No Business Plan exists",IF(F4=1,"Fully compliant – universal coverage",IF(F4=0,"Non-compliant – below minimum threshold","Partially compliant – improving toward full"))) -> Partially compliant – improving toward full
A5: 4 | B5: Yes | C5: 1210 | D5: 2200 | E5: =IF(OR(C5=0,D5=0),"",C5/D5*100) -> 55 | F5: =IF(E5="","",IF(E5>=100,1,IF(E5<=60,0,(E5-60)/40))) -> 0 | G5: =IF($B5<>"Yes","NOT ELIGIBLE – No Business Plan exists",IF(F5=1,"Fully compliant – universal coverage",IF(F5=0,"Non-compliant – below minimum threshold","Partially compliant – improving toward full"))) -> Non-compliant – below minimum threshold
A6: 5 | B6: Yes | C6: 3384 | D6: 3600 | E6: =IF(OR(C6=0,D6=0),"",C6/D6*100) -> 94 | F6: =IF(E6="","",IF(E6>=100,1,IF(E6<=60,0,(E6-60)/40))) -> 0.85 | G6: =IF($B6<>"Yes","NOT ELIGIBLE – No Business Plan exists",IF(F6=1,"Fully compliant – universal coverage",IF(F6=0,"Non-compliant – below minimum threshold","Partially compliant – improving toward full"))) -> Partially compliant – improving toward full

Sheet Adequacy
A1: WSUC_ID | B1: Scheme_Type | C1: Billed_Volume(m3) | D1: Population_served | E1: Days | F1: Actual_LPCD | G1: Target_LPCD | H1: LPCD % | I1: Computed_score | J1: Interpretation
A2: 1 | B2: Gravity | C2: 19500 | D2: 5000 | E2: 30 | F2: =IF(AND(C2>0,D2>0,E2>0),(C2*1000)/(D2*E2),"") -> 130 | G2: =IF(B2="Gravity",120,IF(B2="Pumped",100,IF(B2="Rural",45,"Invalid Type"))) -> 120 | H2: =IF(AND(F2<>"",G2>0),F2/G2*100,"") -> 108.33333 | I2: =IF(H2="","",IF(B2="Rural",IF(H2>=45,1,IF(AND(H2>=20,H2<45),(H2-19.99)/25,0)),IF(H2>=100,1,IF(AND(H2>=45,H2<100),(H2-45)/55,0)))) -> 1 | J2: =IF(I2="","",IF(I2=1,"Fully compliant with benchmark",IF(I2=0,"Non-compliant; below minimum threshold","Partially compliant; improving progressively"))) -> Fully compliant with benchmark
A3: 2 | B3: Pumped | C3: 6750 | D3: 3000 | E3: 30 | F3: =IF(AND(C3>0,D3>0,E3>0),(C3*1000)/(D3*E3),"") -> 75 | G3: =IF(B3="Gravity",120,IF(B3="Pumped",100,IF(B3="Rural",45,"Invalid Type"))) -> 100 | H3: =IF(AND(F3<>"",G3>0),F3/G3*100,"") -> 75 | I3: =IF(H3="","",IF(B3="Rural",IF(H3>=45,1,IF(AND(H3>=20,H3<45),(H3-19.99)/25,0)),IF(H3>=100,1,IF(AND(H3>=45,H3<100),(H3-45)/55,0)))) -> 0.54545455 | J3: =IF(I3="","",IF(I3=1,"Fully compliant with benchmark",IF(I3=0,"Non-compliant; below minimum threshold","Partially compliant; improving progressively"))) -> Partially compliant; improving progressively
A4: 3 | B4: Gravity | C4: 4875 | D4: 2500 | E4: 30 | F4: =IF(AND(C4>0,D4>0,E4>0),(C4*1000)/(D4*E4),"") -> 65 | G4: =IF(B4="Gravity",120,IF(B4="Pumped",100,IF(B4="Rural",45,"Invalid Type"))) -> 120 | H4: =IF(AND(F4<>"",G4>0),F4/G4*100,"") -> 54.166667 | I4: =IF(H4="","",IF(B4="Rural",IF(H4>=45,1,IF(AND(H4>=20,H4<45),(H4-19.99)/25,0)),IF(H4>=100,1,IF(AND(H4>=45,H4<100),(H4-45)/55,0)))) -> 0.16666667 | J4: =IF(I4="","",IF(I4=1,"Fully compliant with benchmark",IF(I4=0,"Non-compliant; below minimum threshold","Partially compliant; improving progressively"))) -> Partially compliant; improving progressively
A5: 4 | B5: Rural | C5: 675 | D5: 1500 | E5: 30 | F5: =IF(AND(C5>0,D5>0,E5>0),(C5*1000)/(D5*E5),"") -> 15 | G5: =IF(B5="Gravity",120,IF(B5="Pumped",100,IF(B5="Rural",45,"Invalid Type"))) -> 45 | H5: =IF(AND(F5<>"",G5>0),F5/G5*100,"") -> 33.333333 | I5: =IF(H5="","",IF(B5="Rural",IF(H5>=45,1,IF(AND(H5>=20,H5<45),(H5-19.99)/25,0)),IF(H5>=100,1,IF(AND(H5>=45,H5<100),(H5-45)/55,0)))) -> 0.53373333 | J5: =IF(I5="","",IF(I5=1,"Fully compliant with benchmark",IF(I5=0,"Non-compliant; below minimum threshold","Partially compliant; improving progressively"))) -> Partially compliant; improving progressively
A6: 5 | B6: Pumped | C6: 7560 | D6: 2800 | E6: 30 | F6: =IF(AND(C6>0,D6>0,E6>0),(C6*1000)/(D6*E6),"") -> 90 | G6: =IF(B6="Gravity",120,IF(B6="Pumped",100,IF(B6="Rural",45,"Invalid Type"))) -> 100 | H6: =IF(AND(F6<>"",G6>0),F6/G6*100,"") -> 90 | I6: =IF(H6="","",IF(B6="Rural",IF(H6>=45,1,IF(AND(H6>=20,H6<45),(H6-19.99)/25,0)),IF(H6>=100,1,IF(AND(H6>=45,H6<100),(H6-45)/55,0)))) -> 0.81818182 | J6: =IF(I6="","",IF(I6=1,"Fully compliant with benchmark",IF(I6=0,"Non-compliant; below minimum threshold","Partially compliant; improving progressively"))) -> Partially compliant; improving progressively

Sheet Water Quality Score
A1: WSUC_ID | B1: Testing_Conducted | C1: E.Coli_Compliance | D1: Arsenic_Compliance | E1: Quality_Score | F1: Interpretation | G1: Testing_score | H1: E.coli_score | I1: Arsenic_score
A2: 1 | B2: yes | C2: yes | D2: yes | E2: =SUM(G2:I2) -> 1 | F2: =IF(E2=1,"Fully compliant – all sub-indicators met",IF(E2=0,"Non-compliant – critical failure","Partially compliant – some sub-indicators met")) -> Fully compliant – all sub-indicators met | G2: =IF(UPPER(B2)="YES",0.2,0) -> 0.2 | H2: =IF(UPPER(C2)="YES",0.4,0) -> 0.4 | I2: =IF(UPPER(D2)="YES",0.4,0) -> 0.4
A3: 2 | B3: yes | C3: yes | D3: no | E3: =SUM(G3:I3) -> 0.6 | F3: =IF(E3=1,"Fully compliant – all sub-indicators met",IF(E3=0,"Non-compliant – critical failure","Partially compliant – some sub-indicators met")) -> Partially compliant – some sub-indicators met | G3: =IF(UPPER(B3)="YES",0.2,0) -> 0.2 | H3: =IF(UPPER(C3)="YES",0.4,0) -> 0.4 | I3: =IF(UPPER(D3)="YES",0.4,0) -> 0
A4: 3 | B4: yes | C4: no | D4: no | E4: =SUM(G4:I4) -> 0.2 | F4: =IF(E4=1,"Fully compliant – all sub-indicators met",IF(E4=0,"Non-compliant – critical failure","Partially compliant – some sub-indicators met")) -> Partially compliant – some sub-indicators met | G4: =IF(UPPER(B4)="YES",0.2,0) -> 0.2 | H4: =IF(UPPER(C4)="YES",0.4,0) -> 0 | I4: =IF(UPPER(D4)="YES",0.4,0) -> 0
A5: 4 | B5: no | C5: no | D5: yes | E5: =SUM(G5:I5) -> 0.4 | F5: =IF(E5=1,"Fully compliant – all sub-indicators met",IF(E5=0,"Non-compliant – critical failure","Partially compliant – some sub-indicators met")) -> Partially compliant – some sub-indicators met | G5: =IF(UPPER(B5)="YES",0.2,0) -> 0 | H5: =IF(UPPER(C5)="YES",0.4,0) -> 0 | I5: =IF(UPPER(D5)="YES",0.4,0) -> 0.4
A6: 5 | B6: yes | C6: yes | D6: no | E6: =SUM(G6:I6) -> 0.6 | F6: =IF(E6=1,"Fully compliant – all sub-indicators met",IF(E6=0,"Non-compliant – critical failure","Partially compliant – some sub-indicators met")) -> Partially compliant – some sub-indicators met | G6: =IF(UPPER(B6)="YES",0.2,0) -> 0.2 | H6: =IF(UPPER(C6)="YES",0.4,0) -> 0.4 | I6: =IF(UPPER(D6)="YES",0.4,0) -> 0

Sheet Reliability score
A1: WSUC_ID | B1: Hours_of_Supply(H) | C1: Reliability_score | D1: Interpretation | E1: Remarks
A2: 1 | B2: 24 | C2: =IF(B2="","No data",IF(B2>=24,1,IF(B2<3,0,0.5+(B2-3)*0.5/21))) -> 1 | D2: =IF(C2=1,"Full service continuity (1.00)",IF(C2=0,"Below minimum service level (0.00)","Partial continuity – linear between thresholds")) -> Full service continuity (1.00)
A3: 2 | B3: 3 | C3: =IF(B3="","No data",IF(B3>=24,1,IF(B3<3,0,0.5+(B3-3)*0.5/21))) -> 0.5 | D3: =IF(C3=1,"Full service continuity (1.00)",IF(C3=0,"Below minimum service level (0.00)","Partial continuity – linear between thresholds")) -> Partial continuity – linear between thresholds
A4: 3 | B4: 8 | C4: =IF(B4="","No data",IF(B4>=24,1,IF(B4<3,0,0.5+(B4-3)*0.5/21))) -> 0.61904762 | D4: =IF(C4=1,"Full service continuity (1.00)",IF(C4=0,"Below minimum service level (0.00)","Partial continuity – linear between thresholds")) -> Partial continuity – linear between thresholds
A5: 4 | B5: 2 | C5: =IF(B5="","No data",IF(B5>=24,1,IF(B5<3,0,0.5+(B5-3)*0.5/21))) -> 0 | D5: =IF(C5=1,"Full service continuity (1.00)",IF(C5=0,"Below minimum service level (0.00)","Partial continuity – linear between thresholds")) -> Below minimum service level (0.00)
A6: 5 | B6: 12 | C6: =IF(B6="","No data",IF(B6>=24,1,IF(B6<3,0,0.5+(B6-3)*0.5/21))) -> 0.71428571 | D6: =IF(C6=1,"Full service continuity (1.00)",IF(C6=0,"Below minimum service level (0.00)","Partial continuity – linear between thresholds")) -> Partial continuity – linear between thresholds

Sheet NRW
A1: WSUC_ID | B1: Logbook of pumping hours? | C1: Flow measurement via pump curve? (HP & Head info) | D1: reservoir scale + distribution hours measured? | E1: Flow meters in transmission & distribution? | F1: DMA-based network with sensors/software/data logging? | G1: Total NRW Score | H1: Interpretation
A2: 1 | B2: yes | C2: yes | D2: yes | E2: yes | F2: yes | G2: =IF(UPPER(B2)<>"YES",0,IF(UPPER(C2)="YES",0.3,0)+IF(UPPER(D2)="YES",0.25,0)+IF(UPPER(E2)="YES",0.2,0)+IF(UPPER(F2)="YES",0.25,0)) -> 1 | H2: =IF(UPPER(B2)<>"YES","Non-compliant – logbook gate failed",IF(G2=1,"Fully compliant – all tiers achieved",IF(G2=0,"Non-compliant","Partially compliant"))) -> Fully compliant – all tiers achieved
A3: 2 | B3: yes | C3: yes | D3: no | E3: no | F3: no | G3: =IF(UPPER(B3)<>"YES",0,IF(UPPER(C3)="YES",0.3,0)+IF(UPPER(D3)="YES",0.25,0)+IF(UPPER(E3)="YES",0.2,0)+IF(UPPER(F3)="YES",0.25,0)) -> 0.3 | H3: =IF(UPPER(B3)<>"YES","Non-compliant – logbook gate failed",IF(G3=1,"Fully compliant – all tiers achieved",IF(G3=0,"Non-compliant","Partially compliant"))) -> Partially compliant
A4: 3 | B4: yes | C4: yes | D4: yes | E4: no | F4: no | G4: =IF(UPPER(B4)<>"YES",0,IF(UPPER(C4)="YES",0.3,0)+IF(UPPER(D4)="YES",0.25,0)+IF(UPPER(E4)="YES",0.2,0)+IF(UPPER(F4)="YES",0.25,0)) -> 0.55 | H4: =IF(UPPER(B4)<>"YES","Non-compliant – logbook gate failed",IF(G4=1,"Fully compliant – all tiers achieved",IF(G4=0,"Non-compliant","Partially compliant"))) -> Partially compliant
A5: 4 | B5: no | C5: no | D5: no | E5: no | F5: no | G5: =IF(UPPER(B5)<>"YES",0,IF(UPPER(C5)="YES",0.3,0)+IF(UPPER(D5)="YES",0.25,0)+IF(UPPER(E5)="YES",0.2,0)+IF(UPPER(F5)="YES",0.25,0)) -> 0 | H5: =IF(UPPER(B5)<>"YES","Non-compliant – logbook gate failed",IF(G5=1,"Fully compliant – all tiers achieved",IF(G5=0,"Non-compliant","Partially compliant"))) -> Non-compliant – logbook gate failed
A6: 5 | B6: yes | C6: yes | D6: yes | E6: yes | F6: no | G6: =IF(UPPER(B6)<>"YES",0,IF(UPPER(C6)="YES",0.3,0)+IF(UPPER(D6)="YES",0.25,0)+IF(UPPER(E6)="YES",0.2,0)+IF(UPPER(F6)="YES",0.25,0)) -> 0.75 | H6: =IF(UPPER(B6)<>"YES","Non-compliant – logbook gate failed",IF(G6=1,"Fully compliant – all tiers achieved",IF(G6=0,"Non-compliant","Partially compliant"))) -> Partially compliant

Sheet O&M score
A1: WSUC_ID | B1: Total_Expenditure | C1: Total_Income | D1: Operating_Ratio | E1: Computed_Score | F1: Interpretation
A2: 1 | B2: 24800 | C2: 40000 | D2: =IF(OR(B2=0,C2=0),"",B2/C2) -> 0.62 | E2: =IF(D2="","",IF(D2<=0.7,1,IF(D2>=1.2,0,(1.2-D2)/0.5))) -> 1 | F2: =IF(E2="","No data",IF(E2=1,"Fully compliant – strong financial sustainability",IF(E2=0,"Non-compliant – operating deficit","Partially compliant – declining toward breakeven/deficit"))) -> Fully compliant – strong financial sustainability
A3: 2 | B3: 27000 | C3: 30000 | D3: =IF(OR(B3=0,C3=0),"",B3/C3) -> 0.9 | E3: =IF(D3="","",IF(D3<=0.7,1,IF(D3>=1.2,0,(1.2-D3)/0.5))) -> 0.6 | F3: =IF(E3="","No data",IF(E3=1,"Fully compliant – strong financial sustainability",IF(E3=0,"Non-compliant – operating deficit","Partially compliant – declining toward breakeven/deficit"))) -> Partially compliant – declining toward breakeven/deficit
A4: 3 | B4: 16234 | C4: 17077 | D4: =IF(OR(B4=0,C4=0),"",B4/C4) -> 0.95063536 | E4: =IF(D4="","",IF(D4<=0.7,1,IF(D4>=1.2,0,(1.2-D4)/0.5))) -> 0.49872929 | F4: =IF(E4="","No data",IF(E4=1,"Fully compliant – strong financial sustainability",IF(E4=0,"Non-compliant – operating deficit","Partially compliant – declining toward breakeven/deficit"))) -> Partially compliant – declining toward breakeven/deficit
A5: 4 | B5: 7300 | C5: 3500 | D5: =IF(OR(B5=0,C5=0),"",B5/C5) -> 2.0857143 | E5: =IF(D5="","",IF(D5<=0.7,1,IF(D5>=1.2,0,(1.2-D5)/0.5))) -> 0 | F5: =IF(E5="","No data",IF(E5=1,"Fully compliant – strong financial sustainability",IF(E5=0,"Non-compliant – operating deficit","Partially compliant – declining toward breakeven/deficit"))) -> Non-compliant – operating deficit
A6: 5 | B6: 24000 | C6: 30000 | D6: =IF(OR(B6=0,C6=0),"",B6/C6) -> 0.8 | E6: =IF(D6="","",IF(D6<=0.7,1,IF(D6>=1.2,0,(1.2-D6)/0.5))) -> 0.8 | F6: =IF(E6="","No data",IF(E6=1,"Fully compliant – strong financial sustainability",IF(E6=0,"Non-compliant – operating deficit","Partially compliant – declining toward breakeven/deficit"))) -> Partially compliant – declining toward breakeven/deficit
D7: =IF(OR(B7=0,C7=0),"",B7/C7) | E7: =IF(D7="","",IF(D7<=0.7,1,IF(D7>=1.2,0,(1.2-D7)/0.5))) | F7: =IF(E7="","No data", IF(E7=1,"Fully compliant – strong financial sustainability", IF(E7=0,"Non-compliant – operating deficit", "Partially compliant – declining toward breakeven/deficit"))) -> No data
D8: =IF(OR(B8=0,C8=0),"",B8/C8) | E8: =IF(D8="","",IF(D8<=0.7,1,IF(D8>=1.2,0,(1.2-D8)/0.5))) | F8: =IF(E8="","No data", IF(E8=1,"Fully compliant – strong financial sustainability", IF(E8=0,"Non-compliant – operating deficit", "Partially compliant – declining toward breakeven/deficit"))) -> No data
D9: =IF(OR(B9=0,C9=0),"",B9/C9) | E9: =IF(D9="","",IF(D9<=0.7,1,IF(D9>=1.2,0,(1.2-D9)/0.5))) | F9: =IF(E9="","No data", IF(E9=1,"Fully compliant – strong financial sustainability", IF(E9=0,"Non-compliant – operating deficit", "Partially compliant – declining toward breakeven/deficit"))) -> No data

Sheet Metering Ratio Score
A1: WSUC_ID | B1: Functional_Metered_Connections | C1: Total_Metered_Connections | D1: MR% | E1: Computed_Score | F1: Interpretation
A2: 1 | B2: 15016 | C2: 15016 | D2: =IF(OR(B2=0,C2=0),"",B2/C2*100) -> 100 | E2: =IF(D2="","",IF(D2>=100,1,IF(D2<=60,0,(D2-60)/40))) -> 1 | F2: =IF(E2="","No data",IF(E2=1,"Fully compliant – universal functional metering achieved",IF(E2=0,"Non-compliant – below minimum threshold","Partially compliant – coverage improving toward full"))) -> Fully compliant – universal functional metering achieved
A3: 2 | B3: 400 | C3: 1200 | D3: =IF(OR(B3=0,C3=0),"",B3/C3*100) -> 33.333333 | E3: =IF(D3="","",IF(D3>=100,1,IF(D3<=60,0,(D3-60)/40))) -> 0 | F3: =IF(E3="","No data",IF(E3=1,"Fully compliant – universal functional metering achieved",IF(E3=0,"Non-compliant – below minimum threshold","Partially compliant – coverage improving toward full"))) -> Non-compliant – below minimum threshold
A4: 3 | B4: 2065 | C4: 2085 | D4: =IF(OR(B4=0,C4=0),"",B4/C4*100) -> 99.040767 | E4: =IF(D4="","",IF(D4>=100,1,IF(D4<=60,0,(D4-60)/40))) -> 0.97601918 | F4: =IF(E4="","No data",IF(E4=1,"Fully compliant – universal functional metering achieved",IF(E4=0,"Non-compliant – below minimum threshold","Partially compliant – coverage improving toward full"))) -> Partially compliant – coverage improving toward full
A5: 4 | B5: 924 | C5: 1100 | D5: =IF(OR(B5=0,C5=0),"",B5/C5*100) -> 84 | E5: =IF(D5="","",IF(D5>=100,1,IF(D5<=60,0,(D5-60)/40))) -> 0.6 | F5: =IF(E5="","No data",IF(E5=1,"Fully compliant – universal functional metering achieved",IF(E5=0,"Non-compliant – below minimum threshold","Partially compliant – coverage improving toward full"))) -> Partially compliant – coverage improving toward full
A6: 5 | B6: 1104 | C6: 1200 | D6: =IF(OR(B6=0,C6=0),"",B6/C6*100) -> 92 | E6: =IF(D6="","",IF(D6>=100,1,IF(D6<=60,0,(D6-60)/40))) -> 0.8 | F6: =IF(E6="","No data",IF(E6=1,"Fully compliant – universal functional metering achieved",IF(E6=0,"Non-compliant – below minimum threshold","Partially compliant – coverage improving toward full"))) -> Partially compliant – coverage improving toward full
D7: =IF(OR(B7=0,C7=0),"",B7/C7*100) | E7: =IF(D7="","",IF(D7>=100,1,IF(D7<=60,0,(D7-60)/40))) | F7: =IF(E7="","No data", IF(E7=1,"Fully compliant – universal functional metering achieved", IF(E7=0,"Non-compliant – below minimum threshold", "Partially compliant – coverage improving toward full"))) -> No data

Sheet Grievance Addressal
A1: WSUC_ID | B1: Log_Book_Maintained? | C1: Grievance_Mechanism_Exists? | D1: Computed_score | E1: Interpretation
A2: 1 | B2: yes | C2: yes | D2: =IF(OR(B2="",C2=""),"No data",IF(UPPER(B2)="YES",IF(UPPER(C2)="YES",1,0),0)) -> 1 | E2: =IF(D2="No data","No data entered",IF(UPPER(B2)<>"YES","NON-COMPLIANT – No log book maintained (score forced to 0)",IF(D2=1,"Fully compliant – grievance redressal mechanism exists and log book maintained","Non-compliant – grievance redressal mechanism missing"))) -> Fully compliant – grievance redressal mechanism exists and log book maintained
A3: 2 | B3: no | C3: yes | D3: =IF(OR(B3="",C3=""),"No data",IF(UPPER(B3)="YES",IF(UPPER(C3)="YES",1,0),0)) -> 0 | E3: =IF(D3="No data","No data entered",IF(UPPER(B3)<>"YES","NON-COMPLIANT – No log book maintained (score forced to 0)",IF(D3=1,"Fully compliant – grievance redressal mechanism exists and log book maintained","Non-compliant – grievance redressal mechanism missing"))) -> NON-COMPLIANT – No log book maintained (score forced to 0)
A4: 3 | B4: yes | C4: yes | D4: =IF(OR(B4="",C4=""),"No data",IF(UPPER(B4)="YES",IF(UPPER(C4)="YES",1,0),0)) -> 1 | E4: =IF(D4="No data","No data entered",IF(UPPER(B4)<>"YES","NON-COMPLIANT – No log book maintained (score forced to 0)",IF(D4=1,"Fully compliant – grievance redressal mechanism exists and log book maintained","Non-compliant – grievance redressal mechanism missing"))) -> Fully compliant – grievance redressal mechanism exists and log book maintained
A5: 4 | B5: no | C5: no | D5: =IF(OR(B5="",C5=""),"No data",IF(UPPER(B5)="YES",IF(UPPER(C5)="YES",1,0),0)) -> 0 | E5: =IF(D5="No data","No data entered",IF(UPPER(B5)<>"YES","NON-COMPLIANT – No log book maintained (score forced to 0)",IF(D5=1,"Fully compliant – grievance redressal mechanism exists and log book maintained","Non-compliant – grievance redressal mechanism missing"))) -> NON-COMPLIANT – No log book maintained (score forced to 0)
A6: 5 | B6: yes | C6: yes | D6: =IF(OR(B6="",C6=""),"No data",IF(UPPER(B6)="YES",IF(UPPER(C6)="YES",1,0),0)) -> 1 | E6: =IF(D6="No data","No data entered",IF(UPPER(B6)<>"YES","NON-COMPLIANT – No log book maintained (score forced to 0)",IF(D6=1,"Fully compliant – grievance redressal mechanism exists and log book maintained","Non-compliant – grievance redressal mechanism missing"))) -> Fully compliant – grievance redressal mechanism exists and log book maintained
D7: =IF(OR(B7="",C7=""),"No data",IF(UPPER(B7)="YES",IF(UPPER(C7)="YES",1,0),0)) -> No data | E7: =IF(D7="No data","No data entered", IF(B7<>"Yes", "NON-COMPLIANT – No log book maintained (score forced to 0)", IF(D7=1, "Fully compliant – grievance redressal mechanism exists and log book maintained", "Non-compliant – grievance redressal mechanism missing"))) -> No data entered

Sheet Summary_Index
A1: WSUC_ID | B1: WSUC_Name | C1: Coverage_Score | D1: Adequacy_Score | E1: Water_Quality | F1: Reliability_Score | G1: NRW_Score | H1: O_and_M_Score | I1: Metering_Score | J1: Grievance_Score | K1: SPI | L1: OEI | M1: CWPI_Percentage | N1: CWPI_Interpretation | O1: Type_A_to_D
A2: 1 | B2: =Spatial!B2 -> WSUC_A | C2: =IFERROR('Service Coverage'!F2,0) -> 1 | D2: =IFERROR(Adequacy!I2,0) -> 1 | E2: =IFERROR('Water Quality Score'!E2,0) -> 1 | F2: =IFERROR('Reliability score'!C2,0) -> 1 | G2: =IFERROR(NRW!G2,0) -> 1 | H2: =IFERROR('O&M score'!E2,0) -> 1 | I2: =IFERROR('Metering Ratio Score'!E2,0) -> 1 | J2: =IF(OR(IFERROR('Grievance Addressal'!D2,"")="No data",IFERROR('Grievance Addressal'!D2,"")=""),0,IFERROR('Grievance Addressal'!D2,0)) -> 1 | K2: =0.35*IF(ISNUMBER(E2),E2,0)+0.25*IF(ISNUMBER(C2),C2,0)+0.2*IF(ISNUMBER(D2),D2,0)+0.2*IF(ISNUMBER(F2),F2,0) -> 1 | L2: =0.3*IF(ISNUMBER(G2),G2,0)+0.25*IF(ISNUMBER(J2),J2,0)+0.25*IF(ISNUMBER(H2),H2,0)+0.2*IF(ISNUMBER(I2),I2,0) -> 1 | M2: =(K2+L2)/2*100 -> 100 | N2: =IF(M2>=95,"Efficient – Highly Efficient",IF(M2>=90,"Efficient – Moderately Efficient",IF(M2>=80,"Improving – Improved",IF(M2>=60,"Improving – Improving",IF(M2>=40,"Functioning – Active",IF(M2>=20,"Functioning – Inactive / Poor","Functioning – Very Poor / Urgent Intervention")))))) -> Efficient – Highly Efficient | O2: =IF(AND(K2>=0.6,L2>=0.6),"Type A – Resilient",IF(AND(K2>=0.6,L2<0.6),"Type B – High SPI / Low OEI",IF(AND(K2<0.6,L2>=0.6),"Type C – Low SPI / High OEI","Type D – Structurally Vulnerable"))) -> Type A – Resilient
A3: 2 | B3: =Spatial!B3 -> WSUC_B | C3: =IFERROR('Service Coverage'!F3,0) -> 0.7 | D3: =IFERROR(Adequacy!I3,0) -> 0.54545455 | E3: =IFERROR('Water Quality Score'!E3,0) -> 0.6 | F3: =IFERROR('Reliability score'!C3,0) -> 0.5 | G3: =IFERROR(NRW!G3,0) -> 0.3 | H3: =IFERROR('O&M score'!E3,0) -> 0.6 | I3: =IFERROR('Metering Ratio Score'!E3,0) -> 0 | J3: =IF(OR(IFERROR('Grievance Addressal'!D3,"")="No data",IFERROR('Grievance Addressal'!D3,"")=""),0,IFERROR('Grievance Addressal'!D3,0)) -> 0 | K3: =0.35*IF(ISNUMBER(E3),E3,0)+0.25*IF(ISNUMBER(C3),C3,0)+0.2*IF(ISNUMBER(D3),D3,0)+0.2*IF(ISNUMBER(F3),F3,0) -> 0.59409091 | L3: =0.3*IF(ISNUMBER(G3),G3,0)+0.25*IF(ISNUMBER(J3),J3,0)+0.25*IF(ISNUMBER(H3),H3,0)+0.2*IF(ISNUMBER(I3),I3,0) -> 0.24 | M3: =(K3+L3)/2*100 -> 41.704545 | N3: =IF(M3>=95,"Efficient – Highly Efficient",IF(M3>=90,"Efficient – Moderately Efficient",IF(M3>=80,"Improving – Improved",IF(M3>=60,"Improving – Improving",IF(M3>=40,"Functioning – Active",IF(M3>=20,"Functioning – Inactive / Poor","Functioning – Very Poor / Urgent Intervention")))))) -> Functioning – Active | O3: =IF(AND(K3>=0.6,L3>=0.6),"Type A – Resilient",IF(AND(K3>=0.6,L3<0.6),"Type B – High SPI / Low OEI",IF(AND(K3<0.6,L3>=0.6),"Type C – Low SPI / High OEI","Type D – Structurally Vulnerable"))) -> Type D – Structurally Vulnerable
A4: 3 | B4: =Spatial!B4 -> WSUC_C | C4: =IFERROR('Service Coverage'!F4,0) -> 0.4 | D4: =IFERROR(Adequacy!I4,0) -> 0.16666667 | E4: =IFERROR('Water Quality Score'!E4,0) -> 0.2 | F4: =IFERROR('Reliability score'!C4,0) -> 0.61904762 | G4: =IFERROR(NRW!G4,0) -> 0.55 | H4: =IFERROR('O&M score'!E4,0) -> 0.49872929 | I4: =IFERROR('Metering Ratio Score'!E4,0) -> 0.97601918 | J4: =IF(OR(IFERROR('Grievance Addressal'!D4,"")="No data",IFERROR('Grievance Addressal'!D4,"")=""),0,IFERROR('Grievance Addressal'!D4,0)) -> 1 | K4: =0.35*IF(ISNUMBER(E4),E4,0)+0.25*IF(ISNUMBER(C4),C4,0)+0.2*IF(ISNUMBER(D4),D4,0)+0.2*IF(ISNUMBER(F4),F4,0) -> 0.32714286 | L4: =0.3*IF(ISNUMBER(G4),G4,0)+0.25*IF(ISNUMBER(J4),J4,0)+0.25*IF(ISNUMBER(H4),H4,0)+0.2*IF(ISNUMBER(I4),I4,0) -> 0.73488616 | M4: =(K4+L4)/2*100 -> 53.101451 | N4: =IF(M4>=95,"Efficient – Highly Efficient",IF(M4>=90,"Efficient – Moderately Efficient",IF(M4>=80,"Improving – Improved",IF(M4>=60,"Improving – Improving",IF(M4>=40,"Functioning – Active",IF(M4>=20,"Functioning – Inactive / Poor","Functioning – Very Poor / Urgent Intervention")))))) -> Functioning – Active | O4: =IF(AND(K4>=0.6,L4>=0.6),"Type A – Resilient",IF(AND(K4>=0.6,L4<0.6),"Type B – High SPI / Low OEI",IF(AND(K4<0.6,L4>=0.6),"Type C – Low SPI / High OEI","Type D – Structurally Vulnerable"))) -> Type C – Low SPI / High OEI
A5: 4 | B5: =Spatial!B5 -> WSUC_D | C5: =IFERROR('Service Coverage'!F5,0) -> 0 | D5: =IFERROR(Adequacy!I5,0) -> 0.53373333 | E5: =IFERROR('Water Quality Score'!E5,0) -> 0.4 | F5: =IFERROR('Reliability score'!C5,0) -> 0 | G5: =IFERROR(NRW!G5,0) -> 0 | H5: =IFERROR('O&M score'!E5,0) -> 0 | I5: =IFERROR('Metering Ratio Score'!E5,0) -> 0.6 | J5: =IF(OR(IFERROR('Grievance Addressal'!D5,"")="No data",IFERROR('Grievance Addressal'!D5,"")=""),0,IFERROR('Grievance Addressal'!D5,0)) -> 0 | K5: =0.35*IF(ISNUMBER(E5),E5,0)+0.25*IF(ISNUMBER(C5),C5,0)+0.2*IF(ISNUMBER(D5),D5,0)+0.2*IF(ISNUMBER(F5),F5,0) -> 0.24674667 | L5: =0.3*IF(ISNUMBER(G5),G5,0)+0.25*IF(ISNUMBER(J5),J5,0)+0.25*IF(ISNUMBER(H5),H5,0)+0.2*IF(ISNUMBER(I5),I5,0) -> 0.12 | M5: =(K5+L5)/2*100 -> 18.337333 | N5: =IF(M5>=95,"Efficient – Highly Efficient",IF(M5>=90,"Efficient – Moderately Efficient",IF(M5>=80,"Improving – Improved",IF(M5>=60,"Improving – Improving",IF(M5>=40,"Functioning – Active",IF(M5>=20,"Functioning – Inactive / Poor","Functioning – Very Poor / Urgent Intervention")))))) -> Functioning – Very Poor / Urgent Intervention | O5: =IF(AND(K5>=0.6,L5>=0.6),"Type A – Resilient",IF(AND(K5>=0.6,L5<0.6),"Type B – High SPI / Low OEI",IF(AND(K5<0.6,L5>=0.6),"Type C – Low SPI / High OEI","Type D – Structurally Vulnerable"))) -> Type D – Structurally Vulnerable
A6: 5 | B6: =Spatial!B6 -> WSUC_E | C6: =IFERROR('Service Coverage'!F6,0) -> 0.85 | D6: =IFERROR(Adequacy!I6,0) -> 0.81818182 | E6: =IFERROR('Water Quality Score'!E6,0) -> 0.6 | F6: =IFERROR('Reliability score'!C6,0) -> 0.71428571 | G6: =IFERROR(NRW!G6,0) -> 0.75 | H6: =IFERROR('O&M score'!E6,0) -> 0.8 | I6: =IFERROR('Metering Ratio Score'!E6,0) -> 0.8 | J6: =IF(OR(IFERROR('Grievance Addressal'!D6,"")="No data",IFERROR('Grievance Addressal'!D6,"")=""),0,IFERROR('Grievance Addressal'!D6,0)) -> 1 | K6: =0.35*IF(ISNUMBER(E6),E6,0)+0.25*IF(ISNUMBER(C6),C6,0)+0.2*IF(ISNUMBER(D6),D6,0)+0.2*IF(ISNUMBER(F6),F6,0) -> 0.72899351 | L6: =0.3*IF(ISNUMBER(G6),G6,0)+0.25*IF(ISNUMBER(J6),J6,0)+0.25*IF(ISNUMBER(H6),H6,0)+0.2*IF(ISNUMBER(I6),I6,0) -> 0.835 | M6: =(K6+L6)/2*100 -> 78.199675 | N6: =IF(M6>=95,"Efficient – Highly Efficient",IF(M6>=90,"Efficient – Moderately Efficient",IF(M6>=80,"Improving – Improved",IF(M6>=60,"Improving – Improving",IF(M6>=40,"Functioning – Active",IF(M6>=20,"Functioning – Inactive / Poor","Functioning – Very Poor / Urgent Intervention")))))) -> Improving – Improving | O6: =IF(AND(K6>=0.6,L6>=0.6),"Type A – Resilient",IF(AND(K6>=0.6,L6<0.6),"Type B – High SPI / Low OEI",IF(AND(K6<0.6,L6>=0.6),"Type C – Low SPI / High OEI","Type D – Structurally Vulnerable"))) -> Type A – Resilient
